time,num_links,connectivity
2,102,0.971429
4,102,0.971429
6,102,0.971429
8,102,0.971429
10,102,0.971429
12,100,0.952381
14,100,0.952381
16,102,0.971429
18,102,0.971429
20,102,0.971429
22,102,0.971429
24,102,0.971429
26,102,0.971429
28,102,0.971429
30,102,0.971429
32,102,0.971429
34,102,0.971429
36,102,0.971429
38,102,0.971429
40,102,0.971429
